"UserID","Probability1"
3,0.698958397084849
4,0.872265712367695
10,0.763639344157404
14,0.684526968994529
16,0.5
23,0.623382722524953
29,0.243067398168828
33,0.546010737897514
37,0.5406387450967
45,0.682649479576944
47,0.640311228267666
54,0.342320192475243
55,0.480568868409051
60,0.948057345808889
68,0.86000398974537
79,0.905797605971789
90,0.930224518900528
93,0.36047774459073
98,0.253357961137247
101,0.693365835222138
107,0.68922644286825
109,0.360684173788375
113,0.161530548535351
116,0.568363625033441
118,0.661013364924073
119,0.919281476276592
120,0.896205406561711
126,0.330295447915206
131,0.993938013439761
134,0.971731783013616
135,0.774348848090143
137,0.885056656960405
139,0.169882435246989
140,0.450284569761649
141,0.926327966900317
142,0.457272558836014
152,0.948097897119374
162,0.502194989657526
164,0.969012948751836
168,0.680876585145385
172,0.845962074489251
173,0.746016332481248
176,0.955189951982739
179,0.61991411337609
181,0.413510120228325
182,0.100431613847368
183,0.359862868515356
186,0.943394706421197
189,0.244184331502739
192,0.296381764007778
193,0.634910646831454
194,0.778292190703121
196,0.306235259925705
197,0.945239154121973
198,0.145074358633258
201,0.714925521925838
204,0.744248927306721
205,0.802081094076275
210,0.5
213,0.393492254809487
216,0.147932641448628
221,0.864359737334842
234,0.00587304645089
237,0.456776807586466
241,0.917595087903468
246,0.155720242063551
258,0.989900394400681
261,0.209571625037182
262,0.462994309093011
271,0.594307113795554
279,0.758044984519129
280,0.525374230792296
288,0.264076444464333
291,0.626667927925209
296,0.043935272164015
301,0.655419103218478
305,0.0186009995786992
306,0.323178344041534
310,0.368083252844684
313,0.953829071259885
315,0.809730603346645
317,0.643102347347166
318,0.951954448475682
319,0.448908696427856
321,0.5
323,0.715753435850182
324,0.756611468588559
325,0.92846416606032
326,0.877630883666478
327,0.437028498808672
328,0.811277551597165
331,0.266853629815625
340,0.690300825782076
342,0.63833711606746
344,0.952954825865943
346,0.797118372083231
347,0.986840412523744
358,0.00679356764087508
368,0.0815823072310201
369,0.670569635592706
382,0.568274879381194
383,0.717493033295841
384,0.0958654853362413
385,0.826352278395852
386,0.976049375711737
392,0.301243902409556
396,0.981957182392594
397,0.0704034507851075
399,0.123057894792179
400,0.988787436882655
402,0.449472842024524
404,0.509959542748667
405,0.0961340702188542
410,0.2313516622275
412,0.154185140511817
415,0.182376997856035
416,0.55555093971501
418,0.896857613061783
419,0.590572266772646
421,0.13655602250425
422,0.725149632622195
424,0.94131947043992
437,0.979930640762318
440,0.936478118659163
442,0.612324511030592
443,0.431435090710507
447,0.41825537220127
448,0.718879687839143
449,0.421525246301905
453,0.4722384626352
465,0.712556383551872
467,0.763875427762019
468,0.564755292055403
470,0.478340506198502
472,0.390366127229393
476,0.448443226878432
484,0.636149738878385
486,0.5
487,0.744939408808435
492,0.903310093152482
494,0.986894200865008
495,0.450311139039081
503,0.422612229337917
505,0.866852118972852
514,0.165602564727226
516,0.202857022727794
518,0.512692645059684
521,0.267589857094605
523,0.716196009561968
529,0.5
531,0.436346238156291
533,0.671061034047409
534,0.616847698999453
536,0.557274384995137
545,0.810492609165254
549,0.96240504767749
553,0.77614827996261
555,0.735417830986554
561,0.563823837593083
562,0.947320795080538
563,0.760124501219352
567,0.113585020743369
569,0.268588889179059
570,0.524560756193265
575,0.935179595288257
577,0.950908037905719
579,0.21279520074375
581,0.61543595821226
582,0.5
583,0.236697895432457
590,0.554544203310985
598,0.657988652631243
600,0.579215061244329
603,0.81329403264597
604,0.379142004675545
606,0.5
619,0.970733098746664
621,0.410162821501754
622,0.96440987260663
623,0.0661984593006318
627,0.696911833096257
633,0.861109012656962
636,0.957915279181818
639,0.717307252088223
643,0.503306212312727
653,0.176415924012458
654,0.949022123865226
660,0.997207122124713
681,0.651498186417466
685,0.287997137204713
691,0.716022491065645
696,0.757969808760203
698,0.0843060916076252
699,0.5
700,0.423403498331201
703,0.640725830470431
705,0.654445646931615
707,0.860366165657267
708,0.564493491386009
711,0.272122372025329
712,0.608539326903481
716,0.187767476427753
719,0.62921224207664
722,0.554990399192251
724,0.0216344396174344
727,0.229933803314774
730,0.845373175096201
736,0.946467585156268
743,0.573142244857896
753,0.888179695382596
755,0.0174291771728774
765,0.703921678918419
774,0.78254355676885
775,0.33985414814032
778,0.86471762144618
784,0.9545721329729
788,0.817363780911164
789,0.5
791,0.409303517735363
797,0.239950123032605
798,0.240630918039738
800,0.837016163201542
802,0.00635938020629033
807,0.178907703628362
810,0.984930464639009
811,0.189228278892914
820,0.872613665530894
821,0.446948115775056
822,0.733109125553138
823,0.889286810799922
824,0.857822657439943
826,0.0068604132737325
828,0.250589261349983
831,0.605686491327846
832,0.0464298099353597
833,0.107532579871981
834,0.36021131803105
837,0.534158182624376
838,0.928849525387878
841,0.730656373844365
843,0.885813392777535
844,0.221990622869583
850,0.956312931712423
853,0.727447397727206
855,0.102966323029206
856,0.534709469156056
860,0.174921328479774
864,0.0560161787079842
868,0.824140005877354
875,0.019551067264436
876,0.418518317481867
877,0.840899122319427
879,0.171854066014715
889,0.936823903755838
890,0.622099976354826
894,0.214114044444143
896,0.845469546211487
897,0.672844849599052
904,0.0610558533148528
905,0.447419075113126
907,0.772571835000584
909,0.148910318595847
913,0.530707453600392
925,0.298205604773942
926,0.447884827801665
927,0.896245567160857
928,0.150934308901281
931,0.442350265407924
932,0.424566560950258
934,0.712209110854414
935,0.301122545404209
939,0.507447973811098
941,0.193498202762614
942,0.0514013227620093
947,0.726864510530515
948,0.0522186885141156
950,0.462039173847097
951,0.122657392403097
958,0.235854422306704
959,0.836841785691446
960,0.92128351434277
966,0.67296695851266
975,0.51974352453108
985,0.980274446958596
992,0.0729949699963716
993,0.0206213199269403
994,0.046926900990752
995,0.0474569350908322
998,0.655278928050841
1001,0.860860208767059
1009,0.0949556537716324
1011,0.126474618527412
1012,0.6452660518544
1013,0.755232243001744
1014,0.111411277274206
1028,0.916170415062102
1032,0.55351318506185
1033,0.776270250125337
1037,0.177855364818998
1051,0.18221941552751
1052,0.417580166916167
1055,0.865313374168456
1061,0.578968908807895
1067,0.522036512980573
1071,0.523808550551874
1073,0.954357646444038
1075,0.0191315625587635
1077,0.247142264950548
1078,0.115694412174171
1081,0.918021756479415
1082,0.976007473327119
1088,0.901787766300887
1094,0.339819445207384
1100,0.255424674790745
1102,0.88676903223582
1103,0.750443227351669
1112,0.304230799872006
1114,0.850708624050497
1117,0.931292485955737
1118,0.88810523218407
1127,0.900966923301668
1130,0.885588009436925
1131,0.867166378736203
1132,0.379272189232206
1136,0.5
1139,0.240614262284311
1151,0.943127461686444
1152,0.706469441453665
1153,0.707510578969782
1155,0.627358648547923
1158,0.524729954424018
1161,0.858252001043691
1165,0.791577487255758
1166,0.679993361893883
1172,0.863381564636873
1173,0.728964740010403
1177,0.80415983054073
1178,0.219084583762704
1179,0.34186381342294
1180,0.374180055913892
1181,0.31940950574912
1182,0.819243830691199
1187,0.782777075871979
1190,0.824059648831611
1194,0.129055794934182
1197,0.340823592766734
1198,0.435136655828008
1203,0.550779966562071
1206,0.959483168680847
1208,0.453075730638438
1212,0.925035934244323
1214,0.957124161274488
1217,0.312508400878192
1220,0.390853729295353
1225,0.942811354084224
1232,0.584057269236138
1234,0.264718655652566
1241,0.538070720145265
1247,0.9432518363511
1250,0.218579456318019
1251,0.869945392062652
1255,0.979907957414099
1256,0.699778402663267
1260,0.806610298321643
1261,0.872468931242672
1266,0.916795403493246
1270,0.470429966378727
1272,0.110579478891337
1274,0.337696107845529
1288,0.959690658491587
1290,0.945667095592249
1291,0.960895339312576
1294,0.368022516260791
1295,0.503825007165748
1297,0.7175917228955
1300,0.445036345355661
1303,0.885859726792443
1306,0.581126738177306
1311,0.406151015996274
1315,0.0884531869242073
1320,0.180703976579895
1324,0.577694009506401
1326,0.259282718554621
1335,0.810968142130738
1337,0.941277302371823
1339,0.381551044770886
1343,0.593353317842821
1345,0.719963516547052
1348,0.980899826012737
1350,0.0568463784437306
1355,0.139812513835231
1357,0.499594027759135
1366,0.617568973299052
1371,0.73066667118278
1373,0.808554738122215
1376,0.727197021647971
1386,0.850887200950941
1387,0.360858956649611
1394,0.305194338028576
1397,0.0137250909744186
1400,0.905703882554763
1403,0.797880148003501
1405,0.373063531904403
1409,0.778752154539704
1412,0.53239944597301
1413,0.50234237207634
1416,0.93836428077776
1420,0.35259237461112
1421,0.823509344710404
1423,0.991568761460709
1440,0.882705727628395
1443,0.928187803140937
1445,0.592666358386914
1449,0.943744520047922
1451,0.0689566801510285
1452,0.0209441723783839
1457,0.617553851788947
1460,0.266375833467067
1463,0.487511252521121
1464,0.168603463019705
1466,0.59253071425531
1468,0.879450997110641
1469,0.973961185342596
1472,0.187495578105287
1473,0.838467353021592
1474,0.0323664400042183
1475,0.244995977591349
1476,0.892971044922261
1477,0.709636110570894
1478,0.760666793032033
1479,0.860375784301623
1482,0.573339948776684
1485,0.19028701644054
1493,0.99166043558982
1499,0.954469376151269
1502,0.924157539201952
1503,0.0692494867803582
1505,0.0289318430598969
1507,0.723284871702162
1511,0.0819566336599589
1516,0.879283970037213
1522,0.581575417821236
1543,0.236759922716947
1545,0.541594957481116
1548,0.706760650200552
1550,0.969741354345636
1552,0.281138452811404
1553,0.572915548211865
1558,0.586805270895145
1560,0.946597961136864
1562,0.467975500782048
1565,0.586256778432384
1566,0.0518187022547937
1572,0.705685932761845
1576,0.447515218188473
1578,0.883534726403349
1582,0.110162437664117
1591,0.356931480787658
1592,0.00437447451012735
1593,0.859877502989987
1594,0.823330165736164
1602,0.226262209075676
1604,0.78363714090624
1605,0.194367930051113
1607,0.0254773390660096
1617,0.970383540147029
1619,0.452921478867743
1621,0.940162596977918
1628,0.847141017158571
1630,0.707084802753391
1632,0.776373511372907
1633,0.21076295313039
1636,0.571062173967383
1647,0.655896135103614
1648,0.341089282612585
1657,0.0409049296923383
1658,0.947771229635865
1667,0.575763230329449
1669,0.111665731682123
1684,0.0885528480326834
1688,0.046185288770858
1689,0.863020078377958
1692,0.722019707647867
1694,0.100011971990523
1699,0.476269199587242
1703,0.41765683786891
1704,0.451242119794883
1707,0.04837651616454
1720,0.269008134151106
1727,0.327813891520568
1728,0.150389027335051
1729,0.895611984726825
1736,0.485660415784106
1737,0.850683351282084
1744,0.246209168135517
1746,0.169905371966096
1747,0.936824703553231
1751,0.191539545750939
1755,0.524724699789496
1760,0.442898928246981
1761,0.722169502895413
1762,0.864075353569208
1763,0.572041350031288
1764,0.619208133839126
1766,0.5
1776,0.97916587140467
1781,0.655900627783496
1787,0.432789364390321
1798,0.574554815532267
1801,0.924435635343304
1808,0.806897980834422
1811,0.602295744750009
1812,0.923378695798722
1813,0.0885826260690157
1816,0.787762978631875
1817,0.247415850361558
1818,0.884495830163486
1823,0.592867299416852
1826,0.463714130631148
1828,0.565736421783478
1831,0.87690013445216
1833,0.87065475928122
1839,0.886312417062733
1847,0.465980352560584
1850,0.852409726138056
1855,0.697501612384475
1864,0.706302053498681
1866,0.356823523273452
1872,0.585374045735261
1874,0.738577579139678
1875,0.862028231596722
1886,0.109351684301085
1889,0.78579411571015
1894,0.721586015396454
1899,0.252407902652721
1902,0.862322310023312
1903,0.0351489533018566
1904,0.678991456875139
1908,0.0598325872876572
1910,0.147719781771444
1912,0.862304087326391
1913,0.477952742982983
1921,0.00200282737006555
1927,0.535107794620916
1928,0.7702549863592
1940,0.653827822415208
1943,0.608340544254599
1944,0.084676893587861
1947,0.355430870359907
1952,0.00453878201219621
1959,0.564380030536865
1964,0.563651555201228
1966,0.489364936655718
1969,0.250795854297236
1978,0.954622621012699
1980,0.712263946539133
1983,0.786233056827137
1988,0.121643943237227
1990,0.863596986966738
1995,0.352840350129858
1996,0.958764987342171
2001,0.944069506790576
2006,0.154539021967609
2007,0.672763618929398
2011,0.291523542017484
2020,0.254150530202198
2021,0.402161307133221
2022,0.71857189633508
2028,0.608724572768533
2034,0.30187249176322
2036,0.865894723916159
2037,0.779166141907248
2038,0.889285952133959
2045,0.470195792078882
2047,0.97954012133241
2052,0.748676107197436
2058,0.972808523797006
2061,0.198464841710398
2065,0.0483514859046718
2067,0.409311343771759
2068,0.899866321799521
2070,0.4609298141024
2071,0.756991983952242
2072,0.81244673647677
2075,0.649083929348672
2076,0.986645403118089
2084,0.611448318040847
2094,0.525013509090417
2095,0.0742180604564031
2101,0.926218669094317
2104,0.0277093286120184
2112,0.982587838761191
2114,0.177753042134971
2117,0.707710893504923
2118,0.801881875354895
2123,0.859184805945865
2129,0.717304997999434
2131,0.0777247304592048
2140,0.540338812299921
2141,0.891614174821907
2146,0.799911823255129
2147,0.568193073366703
2148,0.518764604102126
2151,0.861129018819972
2153,0.65669840728368
2156,0.459867246822444
2160,0.68551054446721
2177,0.7344921627684
2178,0.782843351320105
2188,0.0971618715090575
2192,0.0867072474698341
2198,0.924734570404862
2199,0.891157631076939
2203,0.935379175716898
2207,0.680968164643816
2210,0.535614114103685
2222,0.137379564811601
2227,0.529170141318057
2228,0.133168697421972
2230,0.850290365038088
2231,0.183997615621785
2236,0.124933375837178
2243,0.843837380644326
2244,0.879076720840814
2253,0.288497853472137
2256,0.533585815158649
2259,0.0431898780348502
2263,0.912093499803547
2265,0.5
2267,0.723113974933611
2270,0.472647981907592
2272,0.552518680507286
2273,0.22300192159951
2276,0.923102665442392
2279,0.053148888305099
2281,0.552343703448389
2284,0.5
2285,0.888981174355037
2287,0.780665240260042
2292,0.798040887894546
2296,0.625646648095045
2298,0.408679136851748
2305,0.985611920467675
2306,0.776388007828013
2309,0.5
2310,0.426811997692449
2312,0.595063098956636
2316,0.630080704183791
2319,0.956636976976541
2320,0.5
2326,0.926217237789072
2331,0.707976111706879
2335,0.543479812954689
2336,0.189162613118425
2341,0.458320523074807
2345,0.948263654470928
2346,0.112598427780575
2348,0.592786159973192
2352,0.955880316162744
2353,0.689947141830915
2355,0.950260327145406
2359,0.56704584401376
2360,0.719379833861733
2371,0.493065222744018
2378,0.683354228686179
2381,0.617055144827893
2386,0.101039394394152
2390,0.0324594767197318
2391,0.552373935507687
2392,0.749780608725195
2393,0.914629231032308
2398,0.403549757133028
2402,0.115122538304203
2404,0.814217831929757
2409,0.385019926295779
2410,0.945190442115552
2412,0.969111368666051
2417,0.759843320157753
2419,0.475335738865964
2422,0.904613624399976
2424,0.280855309733529
2430,0.383777846204176
2434,0.266618851663441
2441,0.0841357712739169
2444,0.33228459185032
2449,0.337794755052714
2453,0.3686645070276
2455,0.102606107625682
2456,0.720341746517031
2462,0.787644537455594
2464,0.37178868687182
2465,0.5
2466,0.175216491629779
2468,0.347047279882129
2469,0.840172873204125
2470,0.0662031486923275
2474,0.860617797844668
2479,0.433286175825936
2480,0.801107531093337
2483,0.949038343606995
2485,0.5
2486,0.788497988438928
2496,0.68463623973136
2497,0.955988549975559
2498,0.78239397732482
2509,0.714710117808356
2511,0.921361453391048
2513,0.985677401922466
2516,0.0908688122173274
2523,0.637922869563419
2525,0.310110237289092
2527,0.335045371496888
2528,0.61587716725578
2533,0.332157493460772
2540,0.411525334471161
2543,0.747641541315335
2544,0.811641728519015
2549,0.633696743074294
2551,0.936687048334676
2558,0.191204215805108
2572,0.480058707230946
2573,0.915143422149975
2574,0.896205806161172
2576,0.831300097568514
2579,0.348313104592066
2584,0.763567469956261
2589,0.877246450666396
2597,0.877975777187568
2599,0.247925217005153
2605,0.303893807130085
2608,0.660505506902475
2614,0.0364343813160852
2619,0.637599415591686
2622,0.26098985294425
2623,0.720241807129978
2624,0.735626797253703
2625,0.907863181737967
2640,0.5
2642,0.872522452244891
2646,0.0270226737600034
2649,0.742665195401001
2662,0.902283230951474
2663,0.293049151919697
2664,0.578566543993074
2671,0.634519116983006
2677,0.363734997763426
2679,0.864160809408491
2683,0.978871731835465
2685,0.666699788861158
2694,0.832643880271731
2697,0.91629380523417
2700,0.800482560520033
2706,0.746613220666351
2710,0.0828602874439545
2719,0.799404215082689
2731,0.807600303011978
2734,0.506041917101638
2736,0.92936876931028
2745,0.946034565926491
2746,0.135720706381143
2750,0.105559290130125
2755,0.366224262267886
2757,0.875667205707759
2776,0.537887295839635
2787,0.499258158807973
2788,0.65590742319705
2789,0.980559802808169
2791,0.699638952054221
2793,0.649582773299638
2795,0.592598223531366
2800,0.933012642316086
2801,0.186603120790896
2806,0.81231359354673
2808,0.742925312298423
2813,0.431705241097652
2814,0.912380726035874
2819,0.452557509277026
2820,0.315139624551877
2823,0.136750142413557
2830,0.165929339428575
2832,0.764230382138411
2838,0.173376310887544
2839,0.296897702420756
2845,0.91946924461431
2846,0.925392104223804
2856,0.223772580229128
2858,0.731480989877214
2860,0.959793934811283
2864,0.0301660647038851
2866,0.953485318495006
2871,0.970937738034921
2875,0.692406867624419
2882,0.198693725080123
2891,0.461235272229099
2892,0.939750619383216
2898,0.441022924120762
2900,0.0865948075944209
2907,0.973155109691142
2915,0.197760764919989
2917,0.561778287232127
2926,0.170264708222773
2928,0.107448416300677
2932,0.648449855936932
2950,0.540157521917635
2958,0.953265064833241
2967,0.897063743979961
2982,0.147751034263821
2983,0.429522706554149
2994,0.5
2997,0.652577313500377
3013,0.5
3016,0.566607435738262
3026,0.654314440231572
3031,0.831976689978729
3032,0.38675240048832
3041,0.686909561465635
3045,0.908568309662597
3050,0.304681764268073
3057,0.568465446765667
3060,0.348576082241706
3061,0.903610621998427
3064,0.778457935351665
3065,0.0543803181259272
3068,0.134732948774114
3082,0.156778647242515
3094,0.67977137135993
3095,0.407819201714833
3096,0.418966805529108
3098,0.454479735927151
3103,0.5
3108,0.69427287753671
3117,0.685289895295873
3118,0.932806347108894
3127,0.275101334287408
3129,0.422236719767642
3131,0.343824445168577
3134,0.683520156063685
3136,0.949702711181724
3139,0.111162487439142
3142,0.848712863221661
3147,0.222995313316129
3154,0.109987069274686
3156,0.884020994752344
3159,0.86493471432612
3163,0.8893234608919
3166,0.897970118674162
3172,0.892161341596054
3173,0.86445657466377
3178,0.61440557287482
3180,0.0776471345110985
3185,0.434005483223418
3187,0.0205531374530428
3189,0.509199745454667
3193,0.691372019970131
3194,0.678212984274304
3195,0.86356706755063
3198,0.848518432750462
3205,0.0685528095614581
3207,0.55893801879967
3208,0.757146239961588
3213,0.509647971405064
3214,0.947337615183163
3215,0.385929207953974
3225,0.347583652089932
3227,0.482712386678893
3232,0.878475592469392
3244,0.5
3246,0.281864828112838
3248,0.199309620726547
3252,0.663662925354668
3255,0.430458878376074
3263,0.325866015943196
3265,0.608511780146317
3274,0.944612736241491
3287,0.766792534324925
3296,0.40571469480931
3299,0.945346984606274
3301,0.700321585893593
3302,0.13534996023389
3304,0.00593789097412751
3306,0.0481849213925189
3308,0.87860576851087
3313,0.753810343418901
3321,0.32471066567852
3326,0.881963493125337
3327,0.875531004174488
3332,0.074264413301696
3334,0.336072250549903
3336,0.53568928790094
3346,0.18133635673027
3347,0.725447592345118
3348,0.722741321279305
3351,0.510725521466486
3360,0.414920266932163
3366,0.971835450264919
3367,0.5
3369,0.247510306847503
3371,0.896079730190341
3372,0.939847138219729
3385,0.729193653880215
3389,0.203277435793094
3390,0.557582772834046
3392,0.59832034444122
3393,0.0198575618755874
3394,0.707299713396907
3396,0.889427643866497
3412,0.323875537490185
3413,0.96043470144358
3420,0.524488377678006
3425,0.5
3427,0.63801573544456
3430,0.270897631507004
3432,0.833698740461279
3433,0.434265353110528
3434,0.851252020069405
3442,0.914786430614285
3447,0.0943819950376579
3461,0.210283056609932
3462,0.264965614117669
3464,0.847791538781036
3471,0.977972436949649
3475,0.822165142088734
3476,0.680266238240597
3487,0.120088605079311
3488,0.915042020616698
3490,0.0949202839629423
3498,0.5
3499,0.5
3500,0.648061953484597
3506,0.708920767148406
3511,0.653959227978322
3512,0.537883494280483
3514,0.830523724233595
3518,0.870804294758286
3523,0.566541650856916
3525,0.843147650571646
3533,0.802861366575528
3537,0.809729433189406
3543,0.783328932140672
3545,0.232150497754941
3550,0.803599855031323
3554,0.93870244557573
3555,0.30791658601903
3558,0.390313294357835
3559,0.357569264198343
3562,0.0793778618039976
3564,0.957330215907238
3566,0.705780553753132
3567,0.966584289809525
3572,0.703908358717609
3573,0.751424832678037
3574,0.258890974720197
3576,0.968454599949372
3579,0.915096968456561
3588,0.98962435174313
3590,0.679116911048904
3592,0.891830350556758
3593,0.68185119916708
3594,0.201567866113664
3596,0.114732609752235
3601,0.921934850425204
3602,0.300068286895542
3604,0.481234456378763
3607,0.800035342365955
3613,0.0741162609355231
3618,0.5
3621,0.63404785835696
3631,0.263204958971955
3641,0.904559229651463
3646,0.758516749185159
3657,0.5
3660,0.0491973823850277
3665,0.450855069297175
3666,0.186280343423359
3676,0.9081430490354
3680,0.79306967747355
3682,0.819638970808589
3695,0.878411090835449
3704,0.218726992136739
3707,0.705999308343804
3712,0.949128018696323
3713,0.643277509179932
3714,0.253408927617908
3715,0.705793870764446
3719,0.22174352037675
3733,0.276133249245831
3735,0.77863031773174
3736,0.803541255872822
3737,0.624704852737344
3738,0.362748001676795
3743,0.159608272694764
3744,0.491834161092709
3746,0.136075249182554
3747,0.0668947475659612
3749,0.941828270739053
3753,0.875656154467651
3758,0.609869857265169
3764,0.454117260865235
3767,0.264619638697021
3769,0.0932122332511756
3781,0.51534407200737
3782,0.396905528081623
3784,0.159228343016814
3788,0.996285952673045
3793,0.557335963258624
3801,0.555452673612201
3805,0.234392247139092
3807,0.776772622296009
3808,0.641862871569335
3809,0.736756144939157
3810,0.976936784427443
3813,0.230850517450507
3816,0.5
3817,0.746590442865747
3820,0.808697740325737
3833,0.373063044638689
3835,0.750927399182784
3837,0.837195202091759
3839,0.566552923484134
3840,0.529512338492481
3843,0.854790055446966
3848,0.569522154630474
3850,0.960727731080039
3851,0.0503591759131183
3859,0.669905360956532
3866,0.956138945562892
3870,0.807932228097247
3873,0.36231050239513
3881,0.296641572747246
3882,0.477328340518498
3889,0.528083192458693
3906,0.768577411391468
3908,0.427983563684378
3909,0.625716801967162
3910,0.882564311457117
3913,0.890724774410854
3915,0.956204601326359
3917,0.550342929925262
3922,0.142065799445613
3923,0.973991224331825
3924,0.350795555268647
3933,0.990612402929107
3935,0.59612487471499
3939,0.0242221290015856
3960,0.957623216702346
3971,0.910299845610798
3976,0.536792019167849
3977,0.827540882118659
3987,0.207765669779646
3990,0.103296133382793
4005,0.24157880621534
4008,0.936459384148641
4009,0.974027828782951
4011,0.0691957552166251
4012,0.976927669057237
4020,0.727079320535127
4021,0.135737870348564
4022,0.121946958082708
4027,0.317027948913241
4028,0.210103201129299
4030,0.167594155879639
4031,0.237803541913493
4035,0.462389488687565
4036,0.201308248121087
4037,0.408517922116883
4039,0.203991750067333
4044,0.342178069668025
4046,0.637356817591827
4054,0.5
4056,0.066493722496677
4059,0.5
4062,0.394865476700499
4064,0.36985397519941
4067,0.462777875103668
4072,0.771288912089665
4090,0.858097809013696
4095,0.151272813453322
4099,0.966846100670789
4102,0.796186281282063
4103,0.919541632861362
4105,0.5
4110,0.681645244176156
4112,0.0903750812814824
4114,0.9799240138422
4116,0.0449088475465438
4117,0.139892666977073
4118,0.988718580724387
4124,0.918113824886535
4126,0.725596044803357
4137,0.488485009082735
4141,0.528449085328833
4149,0.825963007797627
4150,0.891806235526361
4152,0.976980261451941
4158,0.644614758406
4162,0.640851258163473
4163,0.426404306976007
4165,0.377505883265749
4167,0.20552391895042
4170,0.286799513391512
4173,0.5
4183,0.922897590336457
4188,0.259848435139655
4191,0.151962495543578
4192,0.30206173895682
4195,0.5
4199,0.818402781765774
4203,0.368142734866821
4208,0.935859165087317
4218,0.4901752280589
4231,0.581426459244069
4233,0.705868720447516
4234,0.977698860670821
4240,0.5
4247,0.824135186422608
4249,0.230230993324976
4254,0.98920610382351
4256,0.726629471426837
4258,0.664129634801652
4260,0.464842890281834
4262,0.929463383668578
4267,0.393174286668689
4280,0.0484252638010826
4281,0.889897738878445
4282,0.198900749342544
4284,0.94668905833932
4285,0.432184256725498
4288,0.161561268186524
4300,0.264439738836983
4301,0.824874239336162
4302,0.256550437252771
4303,0.544396426340745
4305,0.25035195775832
4308,0.340198879564169
4314,0.0361632271856313
4315,0.153142432494269
4325,0.871413138405105
4327,0.98317602093307
4330,0.105054478010921
4334,0.5
4340,0.166811996815299
4347,0.66988153570277
4349,0.869951189117833
4362,0.5
4370,0.0929060275203347
4372,0.297356298039428
4377,0.191913832731094
4379,0.5
4383,0.176177777579362
4392,0.975397395023816
4393,0.740023627293827
4394,0.5
4402,0.5
4406,0.595797614009595
4409,0.861536930455505
4411,0.955061716977831
4412,0.898472483464315
4418,0.454117027958731
4420,0.841273916360468
4422,0.788266050936966
4431,0.391269948312024
4433,0.130207656455725
4435,0.614074630646464
4445,0.845293249369054
4449,0.5
4451,0.392359017689169
4457,0.581884432515568
4458,0.403076513190082
4460,0.478571230598889
4462,0.5
4464,0.868630508108949
4466,0.5
4469,0.992768545790266
4472,0.253648524690586
4473,0.379240411511072
4475,0.460258256102704
4478,0.400415914950723
4481,0.496671337061314
4482,0.5
4484,0.483257642821582
4494,0.0523336172810141
4496,0.5
4497,0.750690024467934
4507,0.670040285233645
4510,0.5
4513,0.0792417837010034
4525,0.363261485386118
4530,0.975228698284538
4537,0.899244700245039
4542,0.154680811407629
4543,0.5
4544,0.724442092255936
4546,0.147494199189711
4547,0.440242446436933
4558,0.5
4568,0.605549283356575
4569,0.819584118158119
4572,0.043366021654875
4579,0.986229464376592
4580,0.029980195559518
4584,0.527874006337769
4586,0.689714432292979
4598,0.098855850747386
4602,0.941206904635569
4607,0.159216239475943
4610,0.834247902695863
4613,0.174356088535382
4620,0.092451974686547
4623,0.825901835155103
4626,0.159821981924226
4629,0.0780024238386888
4631,0.5
4633,0.912431752157885
4634,0.921168738692025
4635,0.952178990461323
4638,0.126020603848231
4639,0.988684915319576
4641,0.424296695025573
4644,0.524246195932492
4646,0.579695450531565
4650,0.853086417373002
4658,0.0170785521317266
4661,0.862864279863392
4665,0.271235497735066
4672,0.5
4680,0.036534791783013
4683,0.5
4690,0.830819300494075
4693,0.883849622390377
4694,0.944311663781981
4695,0.301817188047804
4698,0.935589254378794
4699,0.302053004211992
4702,0.960859236914962
4710,0.5
4711,0.408755346614862
4715,0.834176468123294
4718,0.5
4734,0.137404279148328
4738,0.0611160126519214
4740,0.579974174803602
4757,0.793998556371493
4759,0.930623989502214
4761,0.5
4768,0.0622881633279978
4770,0.5
4773,0.817471793603092
4778,0.894573615161662
4782,0.5
4785,0.280550052854965
4787,0.403945685178617
4795,0.232193445322314
4797,0.345159754067589
4799,0.991047688785808
4803,0.639137486038479
4804,0.946170894022103
4805,0.5
4814,0.00682519061120772
4815,0.5
4821,0.791073576451759
4823,0.5
4824,0.887500018100132
4840,0.238446348465617
4842,0.5
4844,0.974357733220817
4848,0.262858408453086
4850,0.231824845230077
4851,0.5
4859,0.1928353166876
4861,0.624857802038603
4863,0.5
4865,0.510252909940908
4867,0.619774537811304
4870,0.76301695881504
4872,0.5
4874,0.298350148860305
4877,0.5
4883,0.171395227236324
4884,0.5
4885,0.90920831969292
4895,0.890160830871033
4901,0.945588260446593
4902,0.953698155583327
4903,0.863323475406348
4904,0.576116206756548
4905,0.5
4910,0.5
4915,0.5
4918,0.5
4920,0.0361594523427455
4922,0.5
4924,0.189740130021879
4933,0.994587472868353
4934,0.807114483390082
4935,0.119667617944577
4939,0.810634965350817
4940,0.96259210348738
4943,0.72697918088534
4944,0.0855667977214259
4946,0.231533464129122
4948,0.5
4950,0.5
4952,0.0521800788181436
4955,0.819491660108351
4956,0.263957763840413
4961,0.827895222642573
4964,0.597054865845374
4967,0.630186411651964
4968,0.100459369758649
4969,0.990734890979673
4974,0.275443177356159
4978,0.5
4981,0.5
4989,0.5
4990,0.0229597182618765
4991,0.115940919351458
4993,0.908147403461672
4995,0.5
5001,0.650338167602668
5002,0.942593653886152
5008,0.980990567017096
5013,0.5
5019,0.50351882083406
5021,0.935458432346917
5022,0.5
5026,0.537348264157976
5034,0.585163497439066
5038,0.899783130123586
5040,0.5
5042,0.5
5047,0.373445650004182
5048,0.185906609559562
5054,0.181535915924143
5063,0.905320077714118
5064,0.092549595079825
5066,0.0312774246834486
5070,0.80663889627252
5073,0.065783529602758
5074,0.195214360797677
5075,0.5
5077,0.5
5078,0.5
5080,0.5
5086,0.262112655380103
5090,0.727292277707707
5096,0.939393635549651
5097,0.334293633831858
5098,0.949120148814513
5100,0.28294688015019
5103,0.5
5107,0.5
5108,0.0571103240630329
5114,0.514373032826063
5115,0.0180905062729738
5133,0.538318596177282
5134,0.5
5137,0.799482462141529
5138,0.5
5143,0.973491368284884
5144,0.5
5159,0.776293433325075
5160,0.0947299935599536
5161,0.5
5164,0.5
5165,0.763908352111605
5179,0.55798382963406
5182,0.5
5187,0.298817771431961
5188,0.112060720414835
5189,0.940697976943652
5194,0.277147421410936
5197,0.769026010079736
5198,0.946264913136934
5203,0.229134241063541
5206,0.231069568030678
5208,0.611877203541924
5216,0.377831700313577
5224,0.603658892135243
5226,0.702275498125766
5229,0.122935449326321
5236,0.916518851368215
5240,0.5
5242,0.351423806530341
5249,0.562086450021875
5250,0.620029656731706
5253,0.5
5255,0.5
5256,0.723178711205315
5260,0.5
5265,0.5
5266,0.5
5275,0.930630014133743
5276,0.831921095150408
5287,0.5
5293,0.457411976593654
5294,0.583169993829806
5295,0.549557631634754
5301,0.632962126277696
5304,0.696883995313287
5310,0.5
5313,0.121292880627128
5318,0.965162631727113
5332,0.5
5343,0.5
5347,0.229909431931254
5352,0.185586655500309
5355,0.773850840526516
5357,0.907061495126886
5359,0.987168678900554
5360,0.24576758483466
5374,0.5
5375,0.5
5383,0.697405125815757
5387,0.915472378202637
5392,0.668073072545345
5397,0.5
5399,0.495244575849935
5403,0.456702714628662
5413,0.804114247629021
5414,0.926554065977956
5419,0.5
5420,0.5
5423,0.894760575163914
5428,0.401106795309189
5430,0.500373310679937
5431,0.5
5432,0.917195710484054
5434,0.530078458662929
5436,0.5
5437,0.321052053053809
5445,0.676490813845906
5448,0.776264422118708
5453,0.5
5459,0.952808284659044
5461,0.5
5464,0.768537872865847
5465,0.0343831917562276
5474,0.941277025281296
5479,0.301898511058202
5480,0.5
5486,0.480889285947886
5488,0.5
5490,0.5
5492,0.5
5496,0.184303486857648
5499,0.5
5500,0.921246529949123
5516,0.443486734258137
5522,0.854624467261362
5530,0.149900178934346
5531,0.988532963617131
5537,0.533826533718393
5538,0.0873815414813496
5554,0.734915284300329
5556,0.153000476684558
5561,0.5
5562,0.967750779409675
5569,0.5
5573,0.962522526561067
5576,0.5
5581,0.710660774955418
5588,0.5
5592,0.959318714015502
5596,0.616767423317999
5600,0.952906312677521
5602,0.789706802797666
5603,0.5
5609,0.89200941777947
5612,0.5
5617,0.935767379155989
5620,0.541747455525442
5621,0.5
5623,0.226424959518971
5634,0.5
5639,0.911943047975304
5642,0.639193329860201
5643,0.0960431612005031
5645,0.548675997563748
5648,0.0968784172004875
5659,0.461801996768566
5664,0.5
5674,0.5
5676,0.0348736110593365
5680,0.21752874996864
5681,0.739883122409477
5683,0.5
5690,0.920483143824962
5698,0.5
5706,0.89843322378791
5717,0.764734533685269
5721,0.5
5723,0.583811800875856
5726,0.197458301463211
5730,0.5
5736,0.243027445680567
5741,0.5
5748,0.145082625394523
5749,0.896609430169583
5750,0.5
5757,0.0202198570861076
5761,0.922320579093844
5766,0.854568787457005
5779,0.614657462913996
5789,0.709857214697137
5791,0.957038611156627
5794,0.741610681000897
5797,0.134455579089229
5806,0.367357258839414
5811,0.843818739104023
5812,0.5
5814,0.5
5815,0.800685892583214
5816,0.949569824964164
5824,0.429284871060654
5826,0.00288264915722773
5827,0.811180060682793
5843,0.964882774263182
5848,0.888622695093286
5859,0.492378443034813
5863,0.654803610360397
5864,0.5
5877,0.989879789759572
5880,0.5
5882,0.922659871074546
5886,0.495720480840264
5890,0.487250108593163
5891,0.5
5892,0.494399768423328
5900,0.379163537417188
5903,0.5
5907,0.600346168648386
5912,0.5
5914,0.962954853600826
5923,0.775076815461881
5930,0.848984379118134
5937,0.289016435878743
5938,0.5
5946,0.420244171956199
5948,0.5
5950,0.255142867930288
5952,0.5
5953,0.278326174646116
5956,0.5
5957,0.5
5960,0.704098887669547
5967,0.5
5969,0.5
5975,0.648416425206315
5976,0.130883647628361
5979,0.410028347698876
5986,0.530767784415738
5988,0.5
5989,0.659419648972882
5991,0.972646966097284
5993,0.5
5999,0.911088042584095
6009,0.5
6014,0.566413988222736
6015,0.758279637260646
6016,0.00695756460990983
6019,0.968711350785199
6036,0.621632619436398
6037,0.272099764964054
6038,0.44998523345268
6042,0.5
6048,0.381613661318796
6056,0.410892349928893
6058,0.205730585135033
6065,0.810425116573704
6067,0.682597661167436
6071,0.179494783296821
6072,0.407705047564547
6073,0.5
6079,0.176781664874234
6081,0.5
6090,0.5
6094,0.68173030720829
6099,0.120865608022977
6102,0.55265170182458
6105,0.526141755108106
6115,0.5
6118,0.5
6125,0.805419607365951
6128,0.733495993908207
6130,0.763600866705759
6131,0.5
6137,0.736858830749808
6162,0.5
6172,0.47255248692527
6179,0.773997791695022
6182,0.477996373706871
6184,0.447538825500244
6186,0.428628819738041
6187,0.14361378492114
6195,0.520869850921479
6196,0.847243988568698
6197,0.751001636652056
6200,0.5
6201,0.920193909897498
6205,0.631610102973871
6207,0.5
6208,0.606314959648489
6214,0.425906502611533
6215,0.912438906113467
6222,0.683371476774362
6223,0.851370799434848
6239,0.740335116398737
6241,0.31348693729449
6243,0.0801450704299925
6245,0.5
6257,0.813790587933753
6258,0.5
6260,0.239407037510199
6264,0.911462445808109
6267,0.5
6283,0.5
6285,0.711369810496546
6289,0.5
6292,0.5
6293,0.950208866209265
6294,0.5
6297,0.5
6298,0.380048467175374
6299,0.5
6307,0.5
6308,0.87584210647994
6319,0.5
6321,0.5
6335,0.5
6341,0.638969641570782
6343,0.5
6348,0.180099075614234
6349,0.989742620416221
6353,0.936019143929667
6362,0.431278674074697
6363,0.5
6377,0.801256458602401
6378,0.471736357506268
6388,0.5
6389,0.870457662422565
6391,0.967745940330611
6392,0.760723704913018
6393,0.193839050398899
6394,0.48442072322241
6395,0.0426484933482334
6405,0.71744756348366
6408,0.5
6409,0.638520427220062
6412,0.374345981961662
6415,0.235056808688371
6421,0.5
6426,0.5
6428,0.877795458158348
6438,0.5
6439,0.0652631884827915
6440,0.989782896392272
6445,0.5
6447,0.246391137926276
6450,0.899229685508768
6451,0.474506077884121
6452,0.867116054781099
6458,0.5
6459,0.61196752868279
6461,0.283023702494211
6464,0.0627563360421274
6468,0.72776752579548
6477,0.519908543825986
6478,0.964206178677556
6479,0.901592236558143
6481,0.5
6494,0.0851023840832697
6495,0.367432644404216
6497,0.728385489533102
6503,0.073027518041753
6504,0.5
6505,0.5
6513,0.5
6520,0.356907712456619
6521,0.081071806775179
6522,0.749318936450342
6524,0.84598137871977
6526,0.711576186711763
6527,0.608397982556843
6538,0.810658250235421
6541,0.5
6543,0.5
6546,0.813663576225675
6573,0.971537247200744
6578,0.478345017402548
6583,0.688622057340445
6584,0.0513915269594483
6589,0.267934448129885
6592,0.5
6595,0.214502280081916
6597,0.346496400320716
6604,0.743414819872581
6606,0.5
6613,0.5
6619,0.776881660003246
6625,0.915753375299414
6626,0.75905276717031
6638,0.308725670379543
6639,0.251497205116852
6641,0.653217147246822
6645,0.220550100487242
6646,0.5
6651,0.5
6653,0.5
6662,0.5
6676,0.512766069737015
6684,0.851110491860234
6698,0.0796241582908443
6704,0.946839812023117
6709,0.987213740031901
6710,0.949332465873471
6714,0.974005220586363
6717,0.977246461409854
6718,0.647092806841496
6719,0.5
6722,0.555545581100634
6724,0.855441061034631
6739,0.83882515149175
6740,0.144729701903243
6753,0.5
6760,0.862723729123884
6768,0.5
6771,0.5
6774,0.5
6775,0.5
6780,0.5
6787,0.915127179626344
6788,0.476912703540774
6793,0.316891200005055
6794,0.985421918669765
6800,0.694119714669437
6805,0.5
6814,0.421487925086109
6822,0.5
6825,0.5
6828,0.066325533664826
6839,0.215041601473072
6841,0.63520695638293
6842,0.0973057603346564
6843,0.220538062478538
6848,0.5
6851,0.276030443970634
6854,0.5
6878,0.958964278681453
6879,0.880700598740208
6881,0.364640212573421
6883,0.336546897881031
6886,0.854389703103181
6893,0.111030976458048
6898,0.5
6907,0.5
6911,0.104729006402651
6913,0.394367076570443
6924,0.836439297285846
6926,0.5
6927,0.10529659937279
6931,0.964497109622181
6933,0.5
6934,0.603318138937699
6937,0.305378960924207
6945,0.876552950448809
6954,0.972103926830024
6959,0.5
6966,0.136908030353015
6971,0.707034921824134
6973,0.5
6978,0.5
6989,0.730004446134128
6993,0.5
7006,0.5
7011,0.5
7014,0.5
7015,0.528549342420619
7025,0.5
7028,0.5
7037,0.433578560853012
7040,0.701344341510328
7041,0.5
7043,0.955151446488098
7045,0.878930498702682
7046,0.5
7054,0.950165045558615
7057,0.341709067421623
7058,0.238220609319908
7059,0.5
7069,0.837670768095453
7070,0.5
7078,0.5
7086,0.5
7090,0.5
7091,0.5
7094,0.5
7100,0.5
7109,0.818051108355145
7121,0.694671922988913
7130,0.680170079565041
7131,0.5
7132,0.5
7133,0.5
7148,0.5
7151,0.5
7155,0.5
7159,0.5
7165,0.551428630620071
7176,0.414833134581435
7182,0.65019299721185
7187,0.5
7189,0.5
7190,0.460407922900224
7194,0.330655288867132
7196,0.0718891418362337
7197,0.5
7208,0.662844341541059
7212,0.5
7215,0.5
7217,0.5
7222,0.243756412191529
7223,0.834579220254424
7227,0.155553737954664
7230,0.935278363553705
7239,0.5
7266,0.5
7272,0.826573858796212
7273,0.814040012674523
7274,0.744024314397018
7280,0.756105903908443
7281,0.915382243870932
7284,0.820913028219696
7292,0.5
7293,0.845620841829435
7299,0.5
7302,0.5
7305,0.616323436951082
7310,0.355292193419137
7313,0.743383145986175
7317,0.5
7323,0.5
7326,0.5
7333,0.851034033439062
7335,0.820804511081971
7343,0.676432280536347
7344,0.5
7347,0.5
7353,0.5
7361,0.400575973634277
7366,0.5
7385,0.609964143923838
7386,0.653088098098958
7408,0.946833263928236
7411,0.5
7422,0.5
7437,0.758624784378619
7451,0.407039240280333
7453,0.941361516289706
7459,0.5
7537,0.5
7551,0.633039560441528
7559,0.5
7644,0.5
7653,0.5
7660,0.697535419428186
7662,0.5
7696,0.603214332194147
7702,0.5
7705,0.451734592176343
7707,0.568942024868426
7721,0.866651363675012
7727,0.303841953710276
7742,0.886623354187392
7764,0.596259571482174
7768,0.593847416962896
7795,0.279068136318223
7801,0.5
7805,0.080042828489215
7808,0.709100781249503
7811,0.884134280861666
7841,0.106610602263582
7848,0.786734487367804
7851,0.196420059078513
7853,0.931084889968924
7866,0.5
7868,0.576094530940145
7870,0.433844139538248
7872,0.5
7875,0.822497939288522
7880,0.876180768100938
7881,0.5
7901,0.511265633839453
7905,0.87113856555982
7909,0.5
7936,0.5
7938,0.5
7943,0.311785622595017
7946,0.5
7951,0.5
7990,0.587523276565163
7998,0.251433355072046
8011,0.5
8020,0.726025248691994
8025,0.5
8051,0.739738609196503
8061,0.5
8073,0.5
8075,0.35046421434715
8078,0.937945804899678
8087,0.5
8091,0.530603917306744
8099,0.882386510396685
8118,0.5
8121,0.527917394962467
8125,0.5
8146,0.5
8152,0.5
8153,0.770195366975312
8161,0.5
8165,0.5
8175,0.686532132657802
8188,0.5
8257,0.192907948091415
8266,0.5
8273,0.58614294536523
8293,0.5
8317,0.437169683180542
8331,0.5
8344,0.5
8353,0.5
8366,0.955376625726723
8374,0.5
8382,0.5
8386,0.664166720722002
8423,0.5
8456,0.5
8491,0.53018602783123
8503,0.171233005466178
8510,0.5
8511,0.65733346545586
8544,0.5
8556,0.960764178784554
8578,0.490148418116169
8609,0.592131828366788
8610,0.5
8614,0.5
8657,0.5
8658,0.5
8669,0.269690406557904
8677,0.501947502613606
8678,0.709350044292618
8682,0.260212841377751
8710,0.5
8731,0.269360503578744
8745,0.5
8749,0.5
8752,0.5
8772,0.767977706535093
8779,0.5
8792,0.29925221252921
8812,0.768502848676263
8825,0.275088129953867
8852,0.898367322480028
8866,0.5
8894,0.5
8906,0.696335428255876
8936,0.5
8938,0.5
8957,0.586338489993997
8961,0.54890653407545
8970,0.676070415054545
9005,0.5
9031,0.174496058908441
9050,0.787515574820623
9051,0.5
9052,0.5
9066,0.5
9076,0.5
9090,0.5
9216,0.538814462609675
